item_name,item_price,free_shipping,number_of_images,seller_rating,item_url
Social Status x Nike Free Lunch Chocolate Milk Dunk (PS) Size 3Y,$140.00,TRUE,6,311,https://www.ebay.com/itm/194354363138?_trkparms=ispr%3D1&hash=item2d406c3b02%3Ag%3AUMsAAOSwKIZhTtEZ&amdata=enc%3AAQAGAAACsPYe5NmHp%252B2JMhMi7yxGiTJkPrKr5t53CooMSQt2orsSd3M8ngECaRA0SmyU4KT%252FnohIhWqqNgpHrsQ%252B8yOU%252BXGgNval2Xcnr3NiyxJMFgoxTSoFIYdI%252FXQ8i%252F4QvQlnKD%252FHtn6BRKwQRbNn1RJKym61CgRA36JJoJ6wiDGRAf1PNJVuo7Qe0ISOfBQ5VUbBAGJ1jHT4dh1VcT%252FqTfVxU28GaaKXxGMwiwhiBIiwkj7UeMYZ9WhAMarlxZMiqQrWaZKkLdeXVTcCzkDVrNqeO8yeGYvW5sVFMM0ZI297nDIr6%252BEzhKXSzD6c8U3qF306wnYACVY%252B4E3aMSzoVfHiJOreJOOsEDnwomlAvhvMnpd5%252B3%252FtFa0CcJR3LhiEZuNF0rvC7guJrR0SjfrwxNU4Hy1ZqeKxvsYVBqTp5UbdTB34qVmibhhOpCxVLA5UFQvbRqzveWq98C54MK7%252BAkhcm8dEjCYf8dX6Q8MhK%252F8iyoz8r%252BMZaGswsYNgYUwkmRsiOcMuG%252FxQNIXwhmbT77EtWf0HIgDWzi9Go9tb637MMcI9btcxJ8kqAfdQ4k3ngLyW9qB32q6h7rgMCAJ%252FPkE6dLEdegwmFf8hZRmlPO%252FJbjtMbnc9cstzzk1z7xQj1jgOlKpaxGWMw29IoYD40g8f%252B6yBq2VcthAsn1ltvSRhCmi8sPr2nCKzy37W%252FgukLF3P9KA9iDqiH01%252FnFPA%252FqybWmDK5UakU0LE9krrS7iE8L2ap0kiDNFTdcCeKJCOxfodd1wtPXJQ5eHdqFAILlnTr1X85Ds2fk0CK7DCc0DfybrYWWyX91%252BheGXXPWtIw%252BhILS%252FWmN3PZf0jmO76aluPt87iqrOsf8GPN7RhprVAmK%252FxV7bpnDrgvySvW1yWV121dqS%252FkxuyoKv7l6S01OEhbjk%253D%7Campid%3APL_CLK%7Cclp%3A2334524&LH_ItemCondition=1000
Nike Dunk Low | Social Status | Free Lunch Chocolate Milk |  DM3349-700 | 2.5Y,$129.99,FALSE,1,77,https://www.ebay.com/itm/274961494598?_trkparms=ispr%3D1&hash=item4004fb7246%3Ag%3AjkAAAOSwmAJhT2fH&amdata=enc%3AAQAGAAACsPYe5NmHp%252B2JMhMi7yxGiTJkPrKr5t53CooMSQt2orsSlHY%252FYTip4QFVjNQrCEJt6mKUxVIx%252Fyq6jO7F9n7wAUvuKRdyT4MYn5fHBkkPHyjXSYzXCt60%252FroJELltbYyIpLbw2UfTMp5gdXDmMTlWsfO23tQrdMFhp3YhQbCglN7L%252BmoCm4GfUVeilTFeaaeyQs0%252FKtNW24mnSrP2KyXOnhrK5Dw5Sm%252FNobZVITzymAxGfYFEQNIQwLF6Uf8puptIdKdyyS7YuDRdHSkq2OpnmYsXf7hEt4j0GJmvOokVrJ27DHzbkoYeKezWxbZJIV5%252FeZBFKiNqZn1B0jOHxGiokrguzAHf8d8eimzhglMtv6Z%252B0gTVZO2SkZaWyhYDMXSKuS0b5Y6JkF%252FNlHuev60MkzOrZ6cubRfj31ceo5tGD0NHBJWZa%252FcvtnQLHcPYtlWYO0zrgj1F31BSM4lSa5balyZrFl7I3L14vKkmpowH%252FERdu9mxcFIYxudJHIubZdnnYGfqoMqaNkEJuSQk6%252BnjWhxmpWvp74x%252BBuIO2fdVCTbc1HF7DBQAFnHP%252BL4FZtorQkdCHuBDRpEzqkTeFz%252BDzB0bfQ%252BMuMIm4FJVPnNGsiY61d46%252F3ANKowpfL3d6xTKaqsv6puylI6%252BNgspKGzeqqEEaNuTVaZu2%252BQmjBzyEsS%252BsxSm2Z1oeA%252FJLkcccaRYXfVEI8HusLwdA8FNcNEW9E269i%252FJ%252BHcobEAnQ5HCiZnQhGxAVYVx9fToMtuLuhSLCRtOFyG8BGajmzzTrp5qMeohFFCq5UOu7iS5kOlqBTrI7U0FRV4pH1K9I8pqkCJZyt8vIlpt%252FOYMI6HQayvfBxYcC%252BV0DF2ozWPhehExScSfUWrz3WkXM4zrYfXtU9ivDfvlAiyqta4oZy333u5GqH4%253D%7Campid%3APL_CLK%7Cclp%3A2334524&LH_ItemCondition=1000
Social Status / Nike Free Lunch Dunk Chocolate Milk - Size 7.5 ** IN HAND **,$219.95,FALSE,8,28,https://www.ebay.com/itm/274955938771?_trkparms=ispr%3D1&hash=item4004a6abd3%3Ag%3AH6wAAOSwIIRhSg4s&amdata=enc%3AAQAGAAACsPYe5NmHp%252B2JMhMi7yxGiTJkPrKr5t53CooMSQt2orsSlHY%252FYTip4QFVjNQrCEJt6jzlg6GHLpmQdb9eX4eAPXVJnTUO74FojxIRP5piq81Y1M5vj%252FbuHDFYL9mu70u%252BL1yrbDrzYxZ0q67LI63tAT5aW%252F%252FYn1zbdtnmvTWQAMy2HOup07l%252BuTQOLYtDqcEyqAGaScdriLpolvbwaGzm0aHhqsLtLChCxpzxL56UqXigcazWPcm4udSwT8mZQ42JqIo%252FZ4x6ZCp5aP1EFvaduUcaETY5IygaxNKJHh87MiFObPVS2HdrQSEsbYQsD0PHV78eB8t%252BvREKbG5W9AyF7LC1Opw72jqIrj4X7xtNGLtzfGqSm4bUk%252FG1lhdmhz7BVDFgHuwnSq9MjrygkOxJe2efz9WVliy16nx0x0IZWdQALtI50SCLXE9VWiYpU%252BsqfYjPIApF53S0XTEHwTm6KLILP8CItptvTxaBqUWYtn0E3xOuFBXJJHNjHGPVuUkYJpB3gHtYg77ToJz76SVg3zti4ZY1izG5DxglcOGdhcf%252Fc9RrZwAovqZetjJ0%252FZzNoCdMYK7HycdkQ7PxgMGSwvc1mVdbM0CfaavvWu0fuQ9zErQGM3Ds4HyqsKh%252Fbc5r8N0DoOw5nW5WGkGAV%252BoMMM0cboTTzVjO0SWjHQszl2yEohsXb%252BJHe1hdaQ55jRS1BhkGf3H7Zetr%252F6Tl5mHtrVocEp8AkkDJxBWqNr41YQDsetrcQoIhgJIm1VroT26rxd2npCb0QRjYxLVPQ6zyaBw1LM37PNpdPb1NE1cE3Bhw3kLOF649ghSWWTa%252Fm%252BLJuCrRFBO3KYMZOOKreCZsMLw6iXwSRZX%252B7JJxRnOfuzxPQNCKmTuRKZVICdsQklK6Uh2m72OiVG2WRhmMII6Sjjc%253D%7Campid%3APL_CLK%7Cclp%3A2334524&LH_ItemCondition=1000
DS Nike X Social Status Free Lunch Dunk â€œChocolate Milkâ€� Size 10C TD BRAND NEW*,$199.50,FALSE,8,111,https://www.ebay.com/itm/234238667816?_trkparms=ispr%3D1&hash=item3689b66c28%3Ag%3ArYIAAOSwmVVhaXGW&amdata=enc%3AAQAGAAACsPYe5NmHp%252B2JMhMi7yxGiTJkPrKr5t53CooMSQt2orsSRAQR8FABHjfpFoyRlXhWmQt9%252BtYH5edwGwW56sqSRlxX%252Fd25mAllofJRScY3bnQMN%252BMesi8IlLVG2q%252FxpKNNRmJx2OT1cIwMn6hSDIrbJff6zDibl%252BQEUzAhGql9usPd9yQFsR4yNAbNUAx6eh6kx1oaKLk9MHsmiy0lBka%252F93NLql7YxaI8zPDRl8ehAM%252F8X5eifGgiifBIHHctdR0b3giKHjBmYp44Xpy5N8mf7IBk24WaSaGVzIIms%252F110qHKdGZzTiqP2B1DrY0tUg%252FgSKwiokIHjUNScUKTNAsEllqhZQ3ZorETMuti83L8sxP1cgRuDoIbqu5mVoSF28CC8qkyFNq3qTlo7lnNBgZrfAdbxNxrU6QSiBQc2IwWPitFvqqLEvcKidifwO%252BqvWbSwSo%252FfRNHbt3M%252B%252FOy8yRARR9oGDYtRTvOYHvfzzyWj%252F%252BHESKowSxse3FmpGizonAmDvo%252BeOCJ7efD2WBAkcf7GU6IckemYCuaeQrcbemVPFLlbVEOdO4vrKr8z1uI2fXaw8wRhXOTlmUWMZNWJp0pF2t1Kbzl%252BHN9LVGdzL3zIIoem%252B8SiOSkX7PULULilOOcSGEHb695xebS71ropBW%252Fx%252BRYjzpbHcco6HcogfDp45xk8tT3KBE8DUOoVswQVG8NEKm3qFKyqK0yz5IWNJ1n5kTb22eHmrZ6F9eiTQDFUM27KC0mKfzC02niR%252FaOQ6dJlrUuBhZgzTKIzUmlTCcqUX5F6LjSrHFleGGyCZ0k2S7PtJ24WhFFfnkNM%252BlaBgqfSm4ofHUa8PCo%252Ffq9nQVKjGlMjPqGXdoj0%252Bg6JabBNTmnag6ZAYA%252FzZoekbhm%252FLiTepAtoiBwOn5H%252Fi%252Bb8g6H2QE%253D%7Campid%3APL_CLK%7Cclp%3A2334524&LH_ItemCondition=1000
Social Status x Nike Dunk Mid â€˜Chocolate Milkâ€™ (Size 5.5 Men's),$230.00,FALSE,10,34,https://www.ebay.com/itm/144218036157?epid=26050264777&_trkparms=ispr%3D1&hash=item21941097bd%3Ag%3AergAAOSwywlhT1YE&amdata=enc%3AAQAGAAACsPYe5NmHp%252B2JMhMi7yxGiTJkPrKr5t53CooMSQt2orsS9d9gBrkNbRQtRn8MVXnYkjE7QXXjp2i07SMzTk%252BfUXfGL%252BC%252BjrIHda3sbXkYIumQXZ4GPfMWMX%252Fu%252BSD6z%252BA6O5O8uhMFq5WS0v213f2pyi4uj4rwUU3S7TBD0A8ATLLWiZNJRK5LgFZ5Y2qg1ucDXidt1plH0l9ECBaN2XRZlv24WR1afG6WRyay4BYH9YypjBoN%252Bf4eRQlFywh5VoLtzn%252ByIuXB8rOR9VVBgPwv8dP%252BaRcMzmaPohw%252BSQYo%252BZ41VuOliYSOg4%252F6Jhvu9fUXsig2BSV0EM4UgIzZZiKjt8q%252F5Z%252B%252F%252FS5SdvqloDqpdmY99EF3NzipPTXEXwd31GAIL2Z8X9RlEz0dFrBcJAQyU2vMXvC8C%252B1lbOrWR3wNKBFB8pNhhp1KWBz%252BJz67SrHeA6tZ9btyC6zJs0a%252B%252F7NsqyT6kQ4ibM%252F1m9MUDCUsIYybQpDQIc6DmZCS6gNB%252BEWngOWwGRfDcplo1JpEMlZXwfzhZJndHY39vIilECWxKsvjYqxmCzECVijqf5KTkvLTHi3W2iyumxs79Gh%252BPTEl%252BfSDX%252BN5ExbGQWiVovkHUusTUsXPQ5JHW3MjPgPYCvyjhmRGRSy%252BV3j26YyWYwuAYiQMh7g%252FCbFUfYNp3SV38OS7VA%252BjNSFwSAPDGauEQf%252BDA1dbOuq8JkhlwEXLvEHG1uy4tjGM6IaL5FUhBVvc%252F143xanLzmr4lmn9zs6gf0KiK5w65VjWUWB4ZG2sZFMpYw%252F%252BXD%252FgLJa7A0rgPdui2LgNFwEwiDvb0EbMrwMzs3UbyWXvmkn0uZG%252BLC6LHb4cleoWXV%252Fr%252B4RZqr6FbExHC22YB6IgVnTH7%252F6n%252Fc%252BSHK3St0cn4%252F2PNuhu9Qa4finhSo0%253D%7Campid%3APL_CLK%7Cclp%3A2334524&LH_ItemCondition=1000
"SOCIAL STATUS X NIKE FREE LUNCH DUNK ""CHOCOLATE MILK"" *FAST SHIPPING*",$235.00,FALSE,3,1,https://www.ebay.com/itm/185043285783?_trkparms=ispr%3D1&hash=item2b15707717%3Ag%3Awb8AAOSwCa9hO3u8&amdata=enc%3AAQAGAAACsPYe5NmHp%252B2JMhMi7yxGiTJkPrKr5t53CooMSQt2orsS7UXID%252BRPOSNsnm8kYPghtH%252BMdSAwCd3LjLhmMWSVbDbClXpOvNOW66YkNeYtJ%252B9s7ZJgcWpUp9XlEGoDpQmQNbTQdf7rFJZ4ri7WmXgmiO73CziTL68G8oS6Egwj4AiHtRcA5IDvQIoatd8VSsbUCv84MmoaqQYNPCbLjj62yylJ71%252B2KdX3V6PL4ol2%252BXQ31iWyPHl0ovLjI3i%252F%252F5IBbMF2wdK%252FXjz2VPjU20mEsGUDSsobeOPqjCarZpXMJo0vVryzyIZuGp9Eb7%252BMxwuL068KPeXl6l1HggsQsWkvIRefkNkokyBMhHn2WtFCF79WQXTz28GQLoQRS46Aw1v%252FxJQQBMHG%252B7niyKD%252FLQbG0czDnXbYz5Wny2JPpDtsXD0%252B1AzZL0HmoGZ1XFlse%252BHiy4C07hythAy6xMb%252BdtNDmhq72wLQxtKW3njEmJ0J6jP8qFmPjJ2dUM72PcPQ0qbeEajZ7BdfYwzkzUYfcX7hRafFWO2zDgl4Ycs%252FCL%252BrzTnZuon4i3sglbo8vR9OP3F%252Ftt88h5LC6%252BQc1YPiTWPb%252BEeo1FaKTtkgefVpkNR26qeT5G640WgGEcfQxlvGHctLfdf%252BvJ%252BAhJEVHAugaZVA1kJ5glGBpNNNMVoSdplJSPzTtqCQQjlWDv8aG%252FurC%252BLJYq4GxMHQ%252FzeyhCDzRAG2lzRAUZ5XEW8asEkvxkZdlIQRf%252Bx6rxlJqGEQqn8sVn3yJzQrwRzAIy5v0jC5fSuCrSlH3KYKzSslA8sXQI3jFQxamlW9PhV7IHpf4Y2O2acmQknYtXwOpgLh%252FeVLtP0DVCIQCCxzkaW0no0nm20yfEfrC2IeSLzgp0teKZroCcsgEIJ1ET4JqDOU%252FhndIgM40ZE%253D%7Campid%3APL_CLK%7Cclp%3A2334524&LH_ItemCondition=1000
Social Status x Nike Free Lunch Chocolate Milk Dunk Menâ€™s Size 9 Shoe On Hand,$230.00,FALSE,6,3,https://www.ebay.com/itm/154649632365?epid=22049213398&_trkparms=ispr%3D1&hash=item2401d61e6d%3Ag%3A1j4AAOSwJDZhZfv4&amdata=enc%3AAQAGAAACsPYe5NmHp%252B2JMhMi7yxGiTJkPrKr5t53CooMSQt2orsStEKTPzZMfQmny3knR97t0NmNOlYA%252F%252Fs6QKj5AG1jFnAeJcEvw7wdHkmFf03Lzft%252FAKxZHmHNON%252BywdiRNpzkla4qUsOhbgkyI538mwyCiUhCIbwk2Z7CsQHWvkAxgwSLbM0NICnE27X%252FfoM09o8MzUiHiaT9ZPZshJdD%252FMJ9eAfExmOdqR8yW%252B78QsLKURhikmfRs%252FTY2NjkFMuxP2QE89yxH0BgJ6sV0s9HdJ8I463c05LSAJJYTC2UYi%252BJeJqgkKFUz8Zf9pOZ4nkZBMqC9NkD%252BIxDv7oNsvy5nag%252FxslLUeuw0w9xoRq%252FWsnlDxOzaaaQzBG8mT76dIHfG9OqsSMJvKYLqp2Z%252FPiPdQtws%252Bphf04Fz94p9fPx94WjXF3LT4JbV2HqgYqoNgWQ4VEdt12DGY2bfyLQOOcp7iThVpTxzuxuC6AXJqH7chi%252F9CUyG9Dv91tfGSIO2irQ%252Fg5u3fBoCQ%252FsxgrgWyry66FDgY50mTs6P%252BaRR%252Bypsle7TjGW5y2IRfZcmPob5jQe8lRS2%252FeIs3Yk8EH0PGsZrPaTvaae8EvVbPCxq7%252FthTOE6UQMpHqM6H5ASyNpVYYWZgspVDEFzBUqT3Z45PerfIVJsTyngr%252FvEhNdsLstXpznEtwcuSAix3VvKC%252FM79EY6pjGBwmjDO3KTVrdonxMo1BUgH%252Bu6v91wH8aPeMuDSdXda5otcH4aMzjg%252Fp4B6HaeOdALflsHxAc4Ev7eLoAKWX%252BLQeA7PK3HQjgnwcr0xSgRWv%252BEoi55qvebWbDbKOiYQztUm7O60ox%252FJCwYQ7nqkOKslopf5FIlRRhpcU%252Fn4Jkk4NXyDREnEm2%252BvPavgtbP6UFT9EYWIqqgXRjHe3VcXfMX38%253D%7Campid%3APL_CLK%7Cclp%3A2334524&LH_ItemCondition=1000
Social Status x Nike Dunk PS â€˜Chocolate Milkâ€™ (Size 1.5Y Kids)Â ,$125.00,TRUE,6,249,https://www.ebay.com/itm/144232924442?_trkparms=ispr%3D1&hash=item2194f3c51a%3Ag%3ABPkAAOSwfNRhW3BC&amdata=enc%3AAQAGAAACsPYe5NmHp%252B2JMhMi7yxGiTJkPrKr5t53CooMSQt2orsS9d9gBrkNbRQtRn8MVXnYkjN3ncOY3Z3osHKMk3R%252BMKyIDKn5uz36iVFOYFtnrW1r9lXCy%252BlpRIl5v4r4NfEmPQ3jW%252BiwkCjmKFh3Ox2365s0s9sVBDc6YyGoR%252BXSgurNlv25tFWLfEDSF3PUFpF257JQdiXoRrTph1%252FsT9CJWMlp8mfeGLPmIw15O0yt2u7h6Rkx%252FtMuraGvHcvaTGBhrrhQ5%252B%252Bmf%252FbFwhbCsDBRW34blAiKuMTyzEcPC8JV%252BrZuGdQIGAusiN0380B7Lq1welb8SqgqDqDwxMNgKm3pcecr1axk1VldKXM5z9UKRgBlMqSaqS4QDJs%252F82vVzz2YL4JTsfFg2khAmpoFSEIKHUwrLaCc05rrTujz6vGspPbY%252BCVZiB9kxmSCWzGvzOVY1u5P0NqJJ80rweXnLFxDFheGYOqxgy3Vuebe2oUDoe7duk2HGPwRBKcgqBtpFRFfTPhM3k5WKr%252FSo9y2fWddwgBIuCDyLJdUEiXSuxYNHGYgvfpDW5b4DpXQBNr%252F2FHKVXcE8SOCbNevmt5wU%252FM7UVQIWy7GRQDzcvaJgv6yTNIvVmw4h5%252Bn8tQO3p3EDMpB0487iOKIqDRlsnLkgngLXhQ3eJvrTWHGQzH0txJy%252BaZmxHezfqMCPrhhAg9bYT7ZMxKuc%252Bl4BNjFXf%252BUd1andDwjGUVy9HlWGcgSo0NfoJjGzrndO4g5NjonEoqMyD0SZUNLy30N3%252F7oLFgB%252F36PZEY34eiaWNulM8nvr3igdGMfPz9%252BXKSxxXxk6wDYS7CE0mdJBgmTc7%252F37YW9Hu6qsGd8S2f9qkwwTMP99V8Ap3GsW8FlmoIEtMFrooVggY3aIG2WgFOGzkh6F3TsEcfqU10%253D%7Campid%3APL_CLK%7Cclp%3A2334524&LH_ItemCondition=1000
"Nike x Social Status Dunk Mid ""Free Lunch/Chocolate Milk"" | Size 11 | NWB",$259.99,FALSE,8,184,https://www.ebay.com/itm/124914870106?_trkparms=ispr%3D1&hash=item1d1581a75a%3Ag%3ACdIAAOSwtiJhS6bU&amdata=enc%3AAQAGAAACsPYe5NmHp%252B2JMhMi7yxGiTJkPrKr5t53CooMSQt2orsSxXDXcCydCuSj2Tq2S%252F3GnlfEfcr4hjzhVl4AaUI8cVwZKJRxMVa6kkKD9EuzwibYpFbPgBZJW3NLReVOI4%252F8N%252Ft3auhA34%252FHSwW1%252FNOBI%252B89SUcpS6cZtrJtpygAOqhMGV0JvPqq0Xv%252F%252BMNQJEv5TjISmVSLnhstrKINhHgcb1U4%252FyVd6PtWoahCqG8e%252FFSDPxm%252F0X%252BtMJzm2Um6t%252BO2B5Uf3c9tlcfDIrRzuNW7z1ouB4j5NIX9j96Mrc%252Fhb6Fjhqk%252BqC74KkHJv0f4HXOpvYd4Ivwrr72KkeJ5SeElQ5IRpoZhe0bs3y9xncLu0jGGuiyAZzM6m8O2G5QTvzL%252F%252Bs0JJyU0H0M3lTXxyiNF5xQqQdK8zV9MuuwXdF%252B6tih%252FFpZ1vfbA5VhwCMPOhUSJyWi%252F9XN2xiXEPKmBc0gUq6RzFsCXsVTEjaTvY%252B3QIka5TABlH9oAj5wwdR1FQo3mLWgk7vFrQV9qBTbz%252FVI50czpIFin3c0ugCrnu6Znjm3jMUhRqfYnMcYYBzIAXAfuJ6haRM8rae7X%252Fv89aKuajc9OiacBsWUB0g8vIs%252B3JedPL561bmsiONHSpO8PyB%252BWydV73XJDCJYXvvhLcbQHo9sgRl9es4%252BjjrgCobbyCCy%252FC5HuM7g99zmuteIWLOnLSk2uhUsHaF19B4nQBSayNH96ektfULwV%252BmgJ%252F9Pu4T096OntSez9yEeREGcsNMvCrh9e8i%252B7B6f6qVBcMOPSWQcU5jSvTOzo4ABMAbtfANRc5bvyTjpuOZUQYxvOLH%252FMWpE3vtuzHefpBKZYnri7El3AQN8PWiCFNjKGBEpqkl0xfwTo80xPAdqhXj8tdbDnMK%252BlTbwFMnnp0MzAeraubDk%253D%7Campid%3APL_CLK%7Cclp%3A2334524&LH_ItemCondition=1000
Social Status x Nike Dunk Free Lunch Chocolate Milk DM3350-700 TD 9C DS BR New!!,$145.00,TRUE,8,231,https://www.ebay.com/itm/115011495565?_trkparms=ispr%3D1&hash=item1ac738268d%3Ag%3ASGwAAOSwKV1hUBfe&amdata=enc%3AAQAGAAACsPYe5NmHp%252B2JMhMi7yxGiTJkPrKr5t53CooMSQt2orsSR84A%252FGMxXIqJzFmDq6lDLqhZitX7SDUaihqqjfA92g70cImVrpAgWKW6AQgWynN5bovCl9IzZf0HzW0yGCCBXyNXWtAJqzlw2wRJ91mQ8PtffYeY4YNKsxVEGBTvMQqUCtwZyaIv9w16j0w7SniEzZoRfz3HTGcHzkWcHQltgPs%252B2NkTjwVTsowQEazeKnPZTAbUVQMnbh1kARO%252FW77IjnPDDQmEdUm8%252F2dgqmxpkXRtMj9qlb9sv4Dz8yJtNzvkxiXSxMNvLB158D6qQ4jf563pA83BHFhgtI1QOpJjZhMSkXT78gCtOn1DlJtDns8MxOrh0b%252B4jVwEQnH%252Fmisz0cw%252Fwwe35hvxt67FoNLi%252BpaybOW7UCng265IGXh%252BqBADQzKsFdzYKIqvl%252BX7PxvKjuGxk4G0otbi%252F24lJMkqYn92v5AlvGyGKLdDMilUNtOQl4WDMcYxl8gMoYQCMGRsafxUVgrShsuY0ZUbWIZ4hpo9YIdcLzXUhQnqZCOOV97sFzcWbPUFRk%252FNJ36UhYdN3hG4KadyfNVn3DX1UDmM5Wn%252BEecR4W%252BtUyg4uVc6aTxwfiQiBfGwENO4z3XpDHn1960j0wOZg6dXASoxsZKtkxQhGktlTSOTVybtv8RfY9y%252B3XW9kNlouH%252Fi6ngEzHTrbqz5y3giJvCyy2ySHS9%252FyNk1OrsHyysZz2%252F07otR0EwzJHvOqfQyPEDn2%252BpJbrdDSKJHIxvvf5xRjXTK35iG%252Fq1SiStfxdJ1tW2WOXNSJyy5ltIoUzM2EccaNI%252BUj3h11QyF706Oj4EWFWybGES3iLif64JQ2gpbhNfHr0LLWX%252F8O7fB3luhIb%252B24byN976UPk%252F22ZqjBqnehVRicv86iz0%253D%7Campid%3APL_CLK%7Cclp%3A2334524&LH_ItemCondition=1000
Social Status x Nike Dunk Low TD Free Lunch Chocolate Milk Size 9c DM3350-700,$139.00,FALSE,4,47,https://www.ebay.com/itm/384412178164?_trkparms=ispr%3D1&hash=item5980c056f4%3Ag%3ABuoAAOSwWJlhToBL&amdata=enc%3AAQAGAAACsPYe5NmHp%252B2JMhMi7yxGiTJkPrKr5t53CooMSQt2orsSQuF9OYLb3wphIAOfpJK8RiFX8wo9AJwFwfLDvbOU3CQpCPxwghkqYTnCHfcarmC%252B2UWjt9A77eV5vc0y7PJ%252Bh6rajjTK216lqPH%252FzODBHWZwNpLuotwmJ6oLAmHOR%252BdCCjXXfWzai2XRaSl%252Fc5OSFrrH29dxWjNNSPU2R6iTjsrxEP63Xe6DA852qteabsucHQpC64jL7cDexh8X6YjUviF5taww0locpH8yYU16ZdkdmaLgnUyndWgd9s210w4sdvQ12dqAkPZUxf2dIzYVfTkG0ZBqU3NDlLyOJD2BWBTFLQ719%252FWNcVFlAUiR3mR4nnemrK1q6KmBaKzS3B8SOQPgjseO0ThZdmxrfDUoA8FRuq7kuiipsBjI2fJPDGSNjrSpK9IvVRF8vCM0tN1dzPqF9QIZ3X60LGsOBJp%252FcSZby7A84%252BGxrzdgJjvALbRl5MkPMOLHCBgCQmRn%252FmUI%252Fs1jRZ3HBg3guD7UwuArKXwo2grqbDeAidzGjF1ejgMPTua3PXhO9Ezu2Pv1ZC3JUnQIxjwBMm%252BzsZ%252BOxy2RG8bunFAjyQmLHuopcsyoxELfiwuGulYkoYnt3KDu1sdO%252FsiFbCD2gSZgbhpyybdkIFIXnWypNX8h1Bd5ujWM1Zft0tbTMRL5Hw%252FuAyOWrLZCX%252BbwK%252FQEYL8JxKxZTbnwnm92NP5Fyl2RzhZD%252BlktebzxdKPODohepMn8tWgvYfM271uHTBnnMx68ls3sOEgji2SiLX3aMr9syzWKJ22bthvb5iBxpQ6HpkcmVpnmV1DbDdC8N48ubHDbC6gliqeWznSEByDILJ0WG7PgvG7LJRYkJKTJfa%252Fygx9F5JTDbgFmEaoDo6R%252B3ccH%252FyShMW7oNok%253D%7Campid%3APL_CLK%7Cclp%3A2334524&LH_ItemCondition=1000
"Social Status Dunk Mid ""Free Lunch/Chocolate Milk"" Size 11.5 [ON HAND]",$290.00,FALSE,2,9,https://www.ebay.com/itm/384398075841?_trkparms=ispr%3D1&hash=item597fe927c1%3Ag%3ALzUAAOSw5-phQ0az&amdata=enc%3AAQAGAAACsPYe5NmHp%252B2JMhMi7yxGiTJkPrKr5t53CooMSQt2orsSQuF9OYLb3wphIAOfpJK8RkHsvFf3ymBV1tMcAA61qACDOZhzVVcBgCIX%252FIc%252F4dTRqJQzXr%252Bi%252FK3TIRItc50vP1zKDk1DOmY8PQE14HTGWB3vTaDZUkeFB7pMf%252BfdlqjPgTMyVzJhuLVDLGuYJ%252BKKVRI5Dq3dPhhI08BNUXxstBDMIunlXQDOgdB0S1I857CQZYhBvU%252B1IjdDLRRNlS7vRE%252FYRMiPoaAwmlJCpJRDxwT4lOxot2dtjnbx8LC8GKZ8KxxXuCYFto3ylPZtzyKADfW3tje5KK9KKxj3shXIPQAZv3oR%252F9CuBTDHyJFrGZ8hrHESjFEO0mLgyev%252BCZBPisCDYJM96OfgmSkLrd8UIQjnXKfrVR%252BayEmG65ZlaIOBBitPk1DafZX%252FRoQYjbrTZnVhli56JErfAQ2KxiC94p9%252FOJCXUH2HP9VAJQoNom%252BDAE%252BwwEwCZz7xDLH%252FMKbEKE5j0b%252B3WlFsZkII0U6EAdK0eOyY9Hed2d3ujE51qD1bEnP8fTqL0IEKLEhjOfnZD0u1FEm7FsOeDQXO7rMQOmEshzkFLimg6Z2LAZAEDbSVdyUa45hEXOyrUqgdP%252FGStV%252BF013rL7hk0PRo42bEL6xjNMTbQAGVI6igoYrMn3E3IBaXWysZUHSaTLjC7MFOz5LfyIUP7ENnbn99zfAROwqThcbOMDacHpJmmTHqEDoxNCujnCFiZOiaYg4Sx3KcFz7R0NeiUeOc52Lktfv7cMrAV2cLzWER%252B89fQEOzb%252Fl1OzDiT8jacrqsu2QlNpLUnPY88ruH7sdUHKTLOW5w8Mn4a1jusnETmm2hnxuobiAmPqaqS1frDDQYFNK7BiMbPbwBjeJpAqKOgk6iPk285rM%253D%7Campid%3APL_CLK%7Cclp%3A2334524&LH_ItemCondition=1000
Social Status x Nike Dunk Mid 'Chocolate Milk' Mens Size 8 *IN HAND*,$225.00,FALSE,1,139,https://www.ebay.com/itm/304145758300?_trkparms=ispr%3D1&hash=item46d07ff85c%3Ag%3Ad6QAAOSwh4JhP%7E%7Er&amdata=enc%3AAQAGAAACsPYe5NmHp%252B2JMhMi7yxGiTJkPrKr5t53CooMSQt2orsSzaVbXtmGxqmWnpn8RLN2q4QYAtLLdarlClKXNxzTY5ry8grXjJ9Y151adc6GGNFz%252BFKliGL8Oa4N0vmT1RGowWsi9jOHXBZ%252BKwB7LRTcHWi%252F7g5nV6%252Fl7Q8Wbf6AH7eMhPjAyouLe231%252Bz5nM7CW93HoW8%252BV%252BapyBbxuGu7YOmRxa8S17VIkXgh1tQ3zv7ZsqH2XYjY7HUenxhaO1cVRSolkf9R64rBU%252Fj7o4Sv8lQuUeSnoZys%252FHQAreLX7O3szCx5mIHgAETeBUwdXPlG4MGp0Uiwf0C%252BRr0zXzXiB7pr0K8Vrk5M9cdjWvwq4AIU6zFPdzz5jGLIO%252BCap0TyrH9Tp%252FZHABJn50bqkoGCMXXINtjsyU8%252B0f32Uct2O%252B7rWQdymZ5vtMNjuFYSDXydtDkL3tMhJOrCkKHgRmO4XH%252FlBNTzXqXoVLxVx%252Fb%252B%252BH7J0OlIjPpg8OZXj9uJuGctJksP3qgxfMuW%252FgyU%252BUmtE8DIFZ59xGND9odqzqY%252BQSYUv3IDM7O2jaBiXQ26qikW0TxkU%252FiSOt6zIE5vuxW%252B3Uj9%252FNp0AlEwziAUcw%252BPV80Q08GLPNjVASDAiHc6WlF59Oge8eUQ2vMUsAUf%252FlvRbyO4QLH6sMeUS6KxDBx%252FteVPWfmjf9N3MCABEGNFf%252FDQUtDHLuXiIuI6q0N6QkXVaXlem5d8f%252BRT23hpyFKhAGvVNMbs0EzNKAJTtN7iQZn2x7tCIsamxHcotVfopMaSLsGT7R7JqD0Zxc%252F4JVVJHdrJNuNocCGrVCFNX2NpyKO%252FjTu4Z5nXd4IGFOpWTinVQneKKMkm4Vqw0EMSDiwpUo4pE%252B7Cu9Zdq7fNndlSdgByfEsN0ltBVZNg3MUb2JL70u04%253D%7Campid%3APL_CLK%7Cclp%3A2334524&LH_ItemCondition=1000
"Nike x Social Status Dunk Mid Chocolate Milk, 7.5 Brand New!",$225.00,FALSE,10,10,https://www.ebay.com/itm/185112626672?_trkparms=ispr%3D1&hash=item2b199285f0%3Ag%3AnsoAAOSwY%7EFhbGF4&amdata=enc%3AAQAGAAACsPYe5NmHp%252B2JMhMi7yxGiTJkPrKr5t53CooMSQt2orsS7UXID%252BRPOSNsnm8kYPghtCqT4j8fojaEULF9%252B8oxZYMhlG41BLa8ZoXVQFOeqYXvLgzWHTE%252Fwb9mLMB90D6wM6ZfPul%252FDuwpMGtbp0Pii9A%252FQY0NdV6PMR0ueTuXpktJOUqWeEklWqLWLmUIJ6GfBpP2M%252Bxe%252Bw%252Bx4SrImckEt2hMFR9h11%252FOM761%252FONgaMFnzRv6I9zn%252BNPOTbXtuBacKWiZK9dabT3PvRz2VYIVqitW7euI%252Fe3TTsh0P8WCoL4dk1Sh%252F3cL2O8ht3TXUFH%252BNZZ8XuHtmPeuSmGuMP97FnlAzWuj2x%252BmYmwGPElqNFAddxDBGBAz3AKfGxi9w8BwiePnzSuKIFrNt6EjazQDi0V4nU1%252FDNjerJvmSvGQUKWXRMl3Jm4Jwqvnk4tqG66CaQsJE%252FkzXIxMNmpwtmUsI9LmCnNz%252Btuzauopr7cTZKY%252BVcKS%252Bl6uWzA2fgpOamFmfjqFS7E18cG74E3h3NqvdtM%252BWYOgJzETiXl%252F18ZaDoMdzQ33FN5hsvzWi%252BGfZVuD%252BAeky0HaPcxJI%252Fmyc8p8itQTAUpjsCil0vr67jsxXAuwEWQCAXculOnSlLbde1fhLs0FCFD74LBVPoX2%252BrPsFI8q0RAwKBL6ARiC6QW4h3n8BF5RR5hfGDqFWGGB%252FONnzOdYvFpk4VZo%252BteEMvcBM4ILOXIyqW3bVM489Vs8sIT7rtR6UertQ%252BPoEIbitzYtR4%252FzWDUR3KOqAh2XVqvO3N7J3zRJ18fPVlKnpeBNM2iwVIx7HN2jp%252FGfHvIAq4ubogPOKOa%252BzqGiKpFYTRlgYdUnmZzjYjzlDPUYKqbOGMWvL7vGpd%252BAe8BZTUbCV%252Ffs2s08np5SCiy9xv8B%252FVWOiFQ%253D%7Campid%3APL_CLK%7Cclp%3A2334524&LH_ItemCondition=1000
Social Status x Dunk Mid â€˜Chocolate Milkâ€™ Size  11,$250.00,FALSE,10,567,https://www.ebay.com/itm/334168898998?hash=item4dce04bdb6%3Ag%3AMDEAAOSwDgZhUIdP&LH_ItemCondition=1000
Nike Dunk Mid x Social Status Free Lunch Chocolate Milk - Men's US 8,$229.99,TRUE,9,205,https://www.ebay.com/itm/294478124576?epid=11050250164&hash=item4490439620%3Ag%3ArpIAAOSwJSthb3QX&LH_ItemCondition=1000
Nike Dunk Mid x Social Status Free Lunch Chocolate Milk - Men's US 11,$259.99,TRUE,8,205,https://www.ebay.com/itm/294478125024?epid=10050260686&hash=item44904397e0%3Ag%3AstQAAOSwRrFhb3Rd&LH_ItemCondition=1000
Social Status x Nike Free Lunch Dunk Chocolate Milk - TD Size 9C - IN HAND!,$101.00,FALSE,9,373,https://www.ebay.com/itm/334177736550?hash=item4dce8b9766%3Ag%3AOWkAAOSwVRZhS7lE&LH_ItemCondition=1000
Social Status x Nike Free Lunch Chocolate Milk Dunk Low PS Size 3Y,$75.00,FALSE,12,31,https://www.ebay.com/itm/115046377869?hash=item1ac94c698d%3Ag%3ArlgAAOSw4PNhaIfD&LH_ItemCondition=1000
Nike Dunk Social Status Free Lunch Chocolate Milk DJ1173-700 Size 8 SHIPS FAST,$225.00,FALSE,6,53,https://www.ebay.com/itm/224650043199?hash=item344e2f9f3f%3Ag%3Ae78AAOSw6Y9ha0uU&LH_ItemCondition=1000
Social Status x Nike Free Lunch Chocolate Milk Dunk Sz 2y Confirmed Order,$99.99,FALSE,2,4643,https://www.ebay.com/itm/194422728885?hash=item2d447f68b5%3Ag%3A6f8AAOSwk2hhQ0zX&LH_ItemCondition=1000
"SOCIAL STATUS X NIKE FREE LUNCH DUNK MID ""CHOCOLATE MILK"" SZ 9.5 - DJ1173-700 -",$230.00,FALSE,1,3,https://www.ebay.com/itm/294423843639?hash=item448d075337%3Ag%3ATCUAAOSwZ0VhUhCn&LH_ItemCondition=1000
NEW Nike Dunk Low Social Status Free Lunch Chocolate Milk PS Size 11C DM3349-700,$150.00,FALSE,5,7,https://www.ebay.com/itm/174982671643?hash=item28bdc7ad1b%3Ag%3AaDwAAOSwMUVhbOWO&LH_ItemCondition=1000
Nike Dunk SB Mid X Social Status Chocolate Milk Size 7 & 9,$240.00,FALSE,8,103,https://www.ebay.com/itm/174979588548?hash=item28bd98a1c4%3Ag%3A42wAAOSwFyphalaM&LH_ItemCondition=1000
2021 Nike X Social Status Dunk Low â€œChocolate Milkâ€� Size 2.5Y DM3349-700,$108.00,FALSE,3,65,https://www.ebay.com/itm/174959545148?hash=item28bc66cb3c%3Ag%3Af%7E8AAOSwczNhVf7z&LH_ItemCondition=1000
"ðŸ”¥SOCIAL STATUS X NIKE FREE LUNCH DUNK ""CHOCOLATE MILK"" men size 7ðŸ”¥","$1,000.00",TRUE,9,8,https://www.ebay.com/itm/393632451437?hash=item5ba6528b6d%3Ag%3AFBsAAOSw8i5haukR&LH_ItemCondition=1000
"SOCIAL STATUS X NIKE FREE LUNCH DUNK MID ""CHOCOLATE MILK"" DJ1173-700 SZ 4",$172.50,FALSE,5,34,https://www.ebay.com/itm/363586355694?epid=9050254120&hash=item54a76f81ee%3Ag%3Ap9sAAOSwXZlhYvFi&LH_ItemCondition=1000
social status chocolate milk dunk kids,$95.00,FALSE,4,1,https://www.ebay.com/itm/363585614925?hash=item54a764344d%3Ag%3A4iwAAOSw%7E5xhbW18&LH_ItemCondition=1000
Nike x Social Status Dunk Mid Free Lunch â€œChocolate Milkâ€� - Size US 8.5 M,$210.00,FALSE,6,0,https://www.ebay.com/itm/384445909327?hash=item5982c3094f%3Ag%3AT00AAOSwbgJhYU8Z&LH_ItemCondition=1000
NEW Nike Dunk Mid Social Status Free Lunch Chocolate Milk DJ1173-700 SIZE 8,$240.00,FALSE,6,435,https://www.ebay.com/itm/304187900132?hash=item46d30300e4%3Ag%3AeBwAAOSw-1VhazT2&LH_ItemCondition=1000
Nike Dunk Mid x Social Status Free Lunch Chocolate Milk sneakers M6.5/W8,$240.00,FALSE,10,30,https://www.ebay.com/itm/363556422141?hash=item54a5a6c1fd%3Ag%3ANScAAOSw2QZhUJbA&LH_ItemCondition=1000
Nike Dunk Mid x Social Status Free Lunch - Chocolate Milk - Size 11.5 *DS*,$255.00,FALSE,11,11,https://www.ebay.com/itm/294411419343?hash=item448c49becf%3Ag%3AT24AAOSwYqVhSjhI&LH_ItemCondition=1000
Social Status x Nike Dunk Mid Free Lunch Chocolate Milk Size 10.5,$235.00,FALSE,1,2,https://www.ebay.com/itm/165122440110?hash=item2672107bae%3Ag%3A6cQAAOSwwJ1hZGPt&LH_ItemCondition=1000
Social Status Nike Free Lunch Dunk Chocolate Milk Size 11 Mens IN PERSON,$260.00,TRUE,4,20,https://www.ebay.com/itm/384387746680?hash=item597f4b8b78%3Ag%3AWbMAAOSwrQlhQ7UZ&LH_ItemCondition=1000
Nike Dunk Mid Social Status Free Lunch Chocolate Milk size 10.5,$249.99,TRUE,11,153,https://www.ebay.com/itm/255146858487?hash=item3b67f017f7%3Ag%3Av4sAAOSwLNhhS8N0&LH_ItemCondition=1000
social status x nike free lunch dunk - chocolate milk sz 7.5 DS NEW,$209.99,FALSE,6,51,https://www.ebay.com/itm/284447022102?hash=item423a5d1c16%3Ag%3A3FIAAOSwNAhhSNdn&LH_ItemCondition=1000
social status x nike dunk mid chocolate milk size 6.5,$210.00,FALSE,7,33,https://www.ebay.com/itm/255175930457?hash=item3b69abb259%3Ag%3AZAkAAOSwuHRhZdWn&LH_ItemCondition=1000
IN HAND Size 12 Nike Dunk Mid Social Status Free Lunch Chocolate Milk DJ1173-700,$258.49,TRUE,1,480,https://www.ebay.com/itm/185043261928?hash=item2b157019e8%3Ag%3Ar2oAAOSwgDBhO3kP&LH_ItemCondition=1000
Nike Social Status Dunk Mid Free Lunch Chocolate Milk Size 9,$222.50,TRUE,1,43,https://www.ebay.com/itm/185106642249?epid=22049213398&hash=item2b19373549%3Ag%3Af9YAAOSwFXphWiIt&LH_ItemCondition=1000
Nike Dunk Mid Social Status Free Lunch Chocolate Milk -  DJ1173-700 - Size 7,$220.00,TRUE,6,62,https://www.ebay.com/itm/194423004265?hash=item2d44839c69%3Ag%3AtdUAAOSwGZlhXz3L&LH_ItemCondition=1000
Nike Dunk Low Social Status Free Lunch Chocolate Milk (PS) Size 2Y DM3349-700,$112.00,FALSE,10,66,https://www.ebay.com/itm/234207388800?hash=item3687d92480%3Ag%3AvBEAAOSwaWphUnfZ&LH_ItemCondition=1000
Nike Dunk Low Social Status x Free Lunch Chocolate Milk PS Size 3Y DS DM3349-700,$120.00,FALSE,7,74,https://www.ebay.com/itm/203658106172?hash=item2f6af8153c%3Ag%3ADW4AAOSwpJJhbycG&LH_ItemCondition=1000
"Nike Dunk Mid Social Status ""Free Lunch/Chocolate Milk"" Size 11.5 NEW IN HAND !!",$274.99,TRUE,7,54,https://www.ebay.com/itm/154618043753?hash=item23fff41d69%3Ag%3ASSwAAOSwbMlhR9s6&LH_ItemCondition=1000
Social Status X Nike Chocolate Milk Dunk,$250.00,TRUE,1,0,https://www.ebay.com/itm/313715070318?hash=item490ae0156e%3Ag%3A3FAAAOSwR6lhbGpz&LH_ItemCondition=1000
New Nike Dunk Mid Social Status Chocolate Milk Size 12 Rare Retro OG VTG Vintage,$300.00,TRUE,11,3276,https://www.ebay.com/itm/185101280800?hash=item2b18e56620%3Ag%3AJdgAAOSwDSlhX1zY&LH_ItemCondition=1000
Nike x Social Status Free Lunch Chocolate Milk Dunk Mid Size 6 Men's DS NEW,$215.00,FALSE,6,33,https://www.ebay.com/itm/363577999331?hash=item54a6efffe3%3Ag%3AjS4AAOSwJPZhZg1l&LH_ItemCondition=1000
Nike Dunk Mid x Social Status Free Lunch Chocolate Milk size 8.5 IN HAND!!!,$219.99,FALSE,3,133,https://www.ebay.com/itm/133904768997?hash=item1f2d589fe5%3Ag%3AYSAAAOSwhT5hS27Z&LH_ItemCondition=1000
Social Status x Nike Dunk Mid Free Lunch Chocolate Milk Size 8,$240.00,FALSE,4,19,https://www.ebay.com/itm/133908940535?epid=11050250164&hash=item1f2d9846f7%3Ag%3AzdIAAOSwSVZhbicq&LH_ItemCondition=1000
"SOCIAL STATUS X NIKE FREE LUNCH DUNK ""CHOCOLATE MILK"" 8.5",$190.00,FALSE,12,0,https://www.ebay.com/itm/234236433350?hash=item36899453c6%3Ag%3A7IkAAOSwFEJhTOnL&LH_ItemCondition=1000
Social Status Nike Free Lunch Dunk Chocolate Milk 11M *IN HAND READY TO SHIP*,$255.00,FALSE,9,5,https://www.ebay.com/itm/384387150320?hash=item597f4271f0%3Ag%3ADccAAOSwQ9hhTH8G&LH_ItemCondition=1000
Size 5.5 - Nike Dunk Mid Social Status Free Lunch Chocolate Milk,$225.00,FALSE,6,148,https://www.ebay.com/itm/185108633001?hash=item2b195595a9%3Ag%3AOkIAAOSwJGNhacf0&LH_ItemCondition=1000
Nike Dunk Mid Social Status Free Lunch Chocolate Milk Size 9.5 New DJ1173-700,$235.00,FALSE,9,84,https://www.ebay.com/itm/304172029924?epid=5050263488&hash=item46d210d7e4%3Ag%3AKgAAAOSw1TBhWj0t&LH_ItemCondition=1000
Nike Dunk Mid Social Status Chocolate Milk Size 6.5,$199.00,FALSE,1,7,https://www.ebay.com/itm/313716933766?hash=item490afc8486%3Ag%3AZ90AAOSwkCNhbkT6&LH_ItemCondition=1000
"DS SOCIAL STATUS X NIKE FREE LUNCH DUNK MID ""CHOCOLATE MILK"" SZ 8.5",$220.00,FALSE,1,117,https://www.ebay.com/itm/384430814714?hash=item5981dcb5fa%3Ag%3Awp8AAOSwzqBhXUF5&LH_ItemCondition=1000
Size 9 M - Nike Dunk Mid Social Status Free Lunch Chocolate Milk,$225.00,FALSE,5,3,https://www.ebay.com/itm/353725986461?hash=item525bb6369d%3Ag%3AtsMAAOSwdF5hSlr-&LH_ItemCondition=1000
Social Status x Nike Dunk Mid Free Lunch Chocolate Milk Size 8,$199.99,FALSE,6,18,https://www.ebay.com/itm/224636147255?hash=item344d5b9637%3Ag%3AKVsAAOSwRchhXKAd&LH_ItemCondition=1000
Nike Dunk Mid x Social Status Free Lunch - Chocolate Milk - Men Size 9 *DS*,$199.99,FALSE,4,396,https://www.ebay.com/itm/334160272977?hash=item4dcd811e51%3Ag%3AIwoAAOSwDsVhTxpD&LH_ItemCondition=1000
Social Status x Nike Dunk Mid Chocolate Milk size 11.5 *IN HAND* *SHIPS ASAP*,$249.99,FALSE,5,43,https://www.ebay.com/itm/403211296912?hash=item5de1442090%3Ag%3ACo4AAOSwdsxhXPIw&LH_ItemCondition=1000
Social Status x Nike Dunk Low PS Free Lunch Chocolate Milk Size 2.5y DM3349-700,$120.00,FALSE,7,53,https://www.ebay.com/itm/165122646293?hash=item267213a115%3Ag%3Aw5cAAOSw3%7E5hZHsP&LH_ItemCondition=1000
Nike Dunk Mid Social Status Chocolate Milk Size 5.5 *IN HAND*- FREE SHIP,$209.00,TRUE,2,5,https://www.ebay.com/itm/133873971494?hash=item1f2b82b126%3Ag%3A6n4AAOSwjCBhO7VK&LH_ItemCondition=1000
Nike Dunk Mid Social Status Free Lunch Chocolate Milk Size 15 DJ1173-700,$220.00,FALSE,3,118,https://www.ebay.com/itm/294419875138?hash=item448ccac542%3Ag%3A23MAAOSwQtVhT7JP&LH_ItemCondition=1000
